대분류,중분류,뉴스제목
경제,물가/가격,"""""귤 사먹느니 비타민 사먹어요""""…천정부지로 치솟는 과일값"
농업/먹거리,농산물/작황,"""""배에 음식으로 꽉 차""""...이때 속 편하게 하는 음료 6가지"
사회,사건/사고,"[데일리안 오늘뉴스 종합] '고추 말리는 공항' '한화갑 공항'의 예견된 참사?, """"조류 충돌 사고 원인 아닐 수도…규모 너무 커"""" 등"
생활,레시피/요리,"[백종원 따라잡는 소여사레시피] 소유진, 간단한 밑반찬! 소시지 고추장볶음(소세지야채볶음) 만드는 법 - 글로벌이코노믹"
농업/먹거리,농산물/작황,"'땅콩회항' 박창진, 항공기 참사에…""과도한 말들 오고가"" - 헤럴드경제"
사회,사건/사고,"'땅콩회항' 박창진 ""괌 대한항공 사고 때 멱살 잡히기도…아픔에 무관심 안돼"""
생활,레시피/요리,"'오징어게임2' 로튼토마토 82%, ""악마적인 도전 흥미진진"" 호평[MD이슈]"
건강,영양/의학,"""건강한 한 해 위해"" 1월에 꼭 먹어야 하는 식품 5가지"
농업/먹거리,농산물/작황,"""마트 갈 때마다 철렁""…1년 새 귤 46%·사과 30% 올랐다는데"
농업/먹거리,농산물/작황,"""이 정도면 음식물쓰레기""…'곰팡이 고구마' 판 쇼핑몰"
농업/먹거리,농산물/작황,내 몸속 염증 물리치려면?...'이 과일' 오일 먹어볼까?
농업/먹거리,농산물/작황,농지에 잘 수 있는 '쉼터' 허용…쌀·배추도 수입안정보험 적용
사회,사건/사고,목동 깨비시장 차량 돌진으로 과일가게 상인 1명 사망
농업/먹거리,농산물/작황,바나나 한 송이를 새벽 배송으로 주문한다는 것 [노동의 표정]
농업/먹거리,농산물/작황,바나나 한 송이를 새벽 배송으로 주문한다는 것 [노동의 표정] < Editor's Pick < In-Depth < 기사본문 - 더스쿠프
사회,사건/사고,부모 배추 싣던 중 화물차 안에서 2세 여아 숨져
경제,수수료/요금,"알리익스프레스 """"수수료 정책 변경?신규 입점자 90일간 0%"""""
경제,수수료/요금,"알리익스프레스, K베뉴 수수료 면제 정책 끝…2월부터 유료 전환"
경제,수수료/요금,알리익스프레스 수수료 무료 끝…내년 2월 1일부터 유료 전환
경제,수수료/요금,"양천구, 기초수급자 주택임대차 중개수수료 지원 범위 확대"
경제,물가/가격,"홈플러스, 2025 AI 물가안정 프로젝트…양파·생굴 할인"
기타,기타,"""""깻잎은 한국인만 먹습니다""""…외국인을 위한 한국 소개서"
건강,영양/의학,"""""변비로 고생하는 당신""""… '항문 건강' 위해 꼭 알아야 할 10가지"
건강,영양/의학,"""""혈압 낮추고 혈당까지""""...매일 아보카도 오일 한스푼, 어떤 변화가?"
정치,농정/정책,[2025 경제정책]오렌지·바나나 싸진다…주말부부 각각 월세 세액공제
농업/먹거리,농산물/작황,[맛대맛] '건강곡물' 보리 vs 귀리…같은 듯 다른 매력 속으로
농업/먹거리,농산물/작황,"[오물조물 우리곡물] 대파인 줄 알았는데 쫀득한 찹쌀빵…""농산물 쏙 빼닮았네"""
농업/먹거리,농산물/작황,'국산 고추·배추 사라질라' 기후 급변 대응 시급
생활,식품/음료,'아보카도 오일 한 스푼' 이런 사람에게 좋다
건강,영양/의학,"""새해는 건강하게""… '피로' 쫓는 음식 6가지"
경제,물가/가격,과일 강세' 연말 물가…고환율에 위협받는 새해 물가
건강,영양/의학,기억력 증진·퇴행성 치매 예방 '노루궁뎅이 버섯' 맛있게 먹는 법?
경제,물가/가격,"미국 아침식사 비용 올라도 너무 올라…계란 146%, 오렌지주스 18% '껑충' - 매일경제"
사회,사건/사고,"부모가 배추 수확하는 사이…두살배기 딸, 화물차 안에서 숨져"
농업/먹거리,농산물/작황,"부모가 배추 싣는 사이에···차 안 혼자 있던 두 살배기, 숨진 채 발견"
농업/먹거리,농산물/작황,"새해, 금연이 목표라면?…수분 섭취·검은콩 등 식단 조절 필수"
경제,수수료/요금,서학개미 열풍에 증권사 수수료 수익 '쑥'…국내 주식 따라잡는다
건강,영양/의학,염증완화에도 도움을 주며 적당히 먹는다면 몸에 좋은 노루궁뎅이버섯 효능 < 미노출 < 기사본문 - 내외경제TV
농업/먹거리,농산물/작황,"""""OO 보고 안 먹으면 늙는다""""?뜨끈한 대추차 한 잔 먹고 노화방지까지?"
사회,사건/사고,"""""기름값보다 싸잖아요""""…성심당 딸기시루 3배 웃돈 붙여 되팔고, 사고"
농업/먹거리,농산물/작황,[벼 재배면적 조정제] 전체 벼농가 대상…이행땐 혜택 제공도
농업/먹거리,농산물/작황,레드향' 등 만감류 열과 직접적 원인은 '시설 내 고온
경제,수수료/요금,"'배달의민족' 새 대표에 김범석…""중개수수료 상생안 차질 없이 실행"""
농업/먹거리,농산물/작황,강달러 호재에도 수출 농산물 '속빈 강정'
경제,수수료/요금,국내 주식시장서 바뀌는 3가지… 거래세·배당·공모펀드
농업/먹거리,농산물/작황,"들기름, 참기름, 땅콩기름 넣어 먹었더니...몸에 어떤 변화가?"
농업/먹거리,농산물/작황,"딸기. 귤도 '금값'.. """"폭염.열대야 탓"""""
경제,수수료/요금,메리츠證 '수수료 무료' 예탁자산 3조 돌파
농업/먹거리,농산물/작황,"양배추, 미리 썰어두면 '항암 성분' 날아간다 [건강한겨레]"
농업/먹거리,농산물/작황,올해부터 '성주참외' 스티커 없앤다…연간 123억원 절감
농업/먹거리,농산물/작황,요즘 2030 무섭게 홍삼 찾는다...노년층 전유물서 뒤바뀐 이유[비크닉]
농업/먹거리,농산물/작황,"진안군, 유용 미생물 6종 무상 공급…""""친환경 농산물 생산"""""
농업/먹거리,농산물/작황,[오늘의 와인] '100년을 살아도 꼿꼿한 포도나무처럼' 제라르 베르트랑 뀌베 100
농업/먹거리,농산물/작황,"[주말엔 음식] """"달달하고 맛있는 군고구마, 이때 먹으면 독 된다고?"""""
생활,레시피/요리,"""난 정말 요리 천재야""… '편스토랑' 이찬원, 히트 메뉴 2탄 '고추닭전' 공개 ""히트 예감"" [종합] - 이영원 기자 - 톱스타뉴스"
농업/먹거리,농산물/작황,"""딸애가 자꾸 딸기 딸기 거리는데…"" 머리 싸매는 주부들"
생활,식품/음료,⑨ 녹차밥 < 몸에 이로운 사찰음식 < 지난연재 < 기사본문 - 불교신문
생활,식품/음료,녹차 물로 밥 지었더니… '의외의' 효과
농업/먹거리,농산물/작황,"녹차물로 지은 밥, 일반 밥보다 폴리페놀 함량 40배 - 당신의 건강가이드 헬스조선"
농업/먹거리,농산물/작황,"마늘과 양파, '이렇게' 조리하면 트랜스지방 나온다?"
건강,영양/의학,"말차 vs 녹차… 비슷한 것 같은데, 건강 효과 어떻게 다를까?"
농업/먹거리,농산물/작황,맛과 건강을 더한 진도 대파의 매력 요리로 주목받아요
농업/먹거리,농산물/작황,"박지현 """"손질 대파 사면 마음 안 좋아""""(나 혼자 산다) [TV캡처]"
생활,생활정보,"백지영, 브로콜리 드레스 충격 ""스타일리스트가 안티냐고"" (살림남)"
경제,물가/가격,새해부터 물가 '비상'…치킨·커피·과자에 농산물까지 '껑충'
경제,수수료/요금,소상공인 카드 수수료 부담 줄자…무이자할부는 '실종'
건강,영양/의학,"수족냉증, 초기 감기에 특효! 제철 생강의 놀라운 효능 7 - 코메디닷컴"
농업/먹거리,농산물/작황,"수현 ""평생 고기 먹어본 적 없어""...새해에도 채소 가득, 이유는?"
농업/먹거리,농산물/작황,"이영자, 또 채소 씨 말린다..바질김치 이어 비늘김치→'파친놈' 전현무 '배친놈'으로('전참시')"
농업/먹거리,농산물/작황,"전현무, 캐릭터 욕심이 왜 이리 과해…파친놈 이어 이번엔 'Mr. 배추'라니('전참시')"
사회,사건/사고,중 허베이 야채시장 화재...8명 사망·15명 부상
경제,물가/가격,콩나물비빔밥 '골목안집' 서면 한복판서 이 가격에 이 맛을!
생활,식품/음료,"""""생강차, 요거트도?""""...술 마신 후 숙취 날리는 음식 8"
경제,물가/가격,"""""설 다가오는데"""" 머리 싸매는 주부들…배추 59%·무 77% `껑충`"
농업/먹거리,농산물/작황,`한파속 웨이팅`…성심당 딸기시루가 뭐길래[먹어보고서]
농업/먹거리,농산물/작황,"""겨울 딸기 좀 먹고 싶은데""…'충격' 과일·채소값 도대체 얼마길래"
농업/먹거리,농산물/작황,"""소고기뭇국 끓이기 겁난다""…설 코앞인데 채소·과일값 얼마나 올랐길래"
농업/먹거리,농산물/작황,"""여보, 나 겨울 딸기 먹고 싶은데""…'충격' 과일·채소값 도대체 얼마길래"
농업/먹거리,농산물/작황,"고추 말리던 곳이라더니... 무안공항 관제량, 울산의 3배 ↑"
기타,기타,고추장에도 '매운맛 등급'이 있다고?
경제,물가/가격,농산물 폭등에 유가·천연가스까지…에브리싱 랠리 덮치나
경제,물가/가격,배추·무값 두배 올랐다…설 앞두고 물가 고공행진
농업/먹거리,농산물/작황,"백지영, ♥정석원보다 딸 """"아픈 母 위해 딸기 준비...남편은 기억 안나"""" ('살림남') [종합]"
농업/먹거리,농산물/작황,"백지영 '사랑 안 해' 시절 파격 무대 의상 공개… """"인간 브로콜리"""""
경제,물가/가격,"새해에도 일부 농산물 가격 강세… 정부, 이번 주쯤 물가관리대책 발표"
농업/먹거리,농산물/작황,"선예, '이 채소'들로 해독…아이 셋 낳고도 날씬한 비결?"
경제,물가/가격,"설 앞두고 배추·무 가격 '껑충'…정부, 이번 주 물가 관리 대책 발표"
경제,물가/가격,설 앞두고 배추 59%·무 77% 올라‥이번주 물가관리 대책
생활,식품/음료,신장에 좋은 옥수수수염 차? 일부 사람은 주의 필요.. 대안은?
경제,물가/가격,"채소 들었다 놨다…""""장바구니에 담을 게 없네"""" 너무 오른 가격"
농업/먹거리,농산물/작황,콩나물밥-콩나물라면 먹었더니...몸에 어떤 변화가?
기타,기타,"""""오이 잘 씻어도 농약 남는다고?""""...껍질 꼭 벗기고 먹으라는데, 진짜?"
사회,사건/사고,"""""일만 하다 떠난 형, 허망해""""…목동깨비시장 돌진, 과일가게 유족 분통"
생활,레시피/요리,[SafeFood] 시금치·두부 요리 '오해와 진실' - 세이프타임즈
경제,물가/가격,"[기후는 말한다] 설 앞두고 배추·무 가격↑…""물가 관리 대책 마련"""
생활,생활정보,[리빙포인트] 우엉 고르는 요령
경제,물가/가격,[스타트경제] 설 앞두고 배추·무 가격 급등...장바구니 물가 비상
경제,물가/가격,"농식품부, ""배추·무 비축물량 풀고 할당관세 연장해 수급안정 총력"""
사회,단속/점검,"농식품장관 """"배추·무 수급관리 총력…사재기·담합 강력처벌"""""
경제,유통/프로모션,"농식품장관 ""배추·무 사재기·담합 강력처벌""...마트·시장선 40% 할인"
농업/먹거리,농산물/작황,똑똑한 과일 채소 보관법 8' 감자와 사과는 함께 보관한다?!
경제,유통/리테일,"롯데마트·롯데슈퍼, 신선식품 과일 품질 집중 개선 < 식품유통 < 산업경제 < 기사본문 - 소비자경제"
경제,수수료/요금,"리테일 사업에 힘 싣는 메리츠證, 국내·미국 주식 거래수수료 '0' 선언 - 아시아투데이"
정치,농정/정책,"배추, 무 값이 왜이래'..설 준비 '막막'한 주부들..정부 특단의 대책 내놓나"
농업/먹거리,농산물/작황,배추·무값 겁나네…중국산 또 들여오나
경제,물가/가격,"배추 59%↑·무 77%↑…정부, 이번주 물가관리 대책"
농업/먹거리,농산물/작황,배추 한 포기 5027원·무 1개 3206원… 1년새 2배 급등
산업,기술/산업,버섯 스티로폼·실시간 자막 안경… CES 출격하는 스타트업
경제,유통/프로모션,봄까지 여유롭게 즐기는 호텔가 딸기 프로모션 모음
생활,식품/음료,"비싼 올리브오일, '여기'에 보관했다간 금세 상한다"
경제,유통/프로모션,새콤달콤 과즙 톡톡 터지는 2025년 호텔 딸기 프로모션 < News < IDEA < 기사본문 - 트래비 매거진
경제,물가/가격,설 앞두고 배추·무 가격↑…이번 주 물가관리 대책 발표
경제,물가/가격,설 앞두고 배추 59%·무 77%↑…물가 대책 마련
경제,물가/가격,설 앞두고 일부 농산물 가격 '들썩'…배추 59%·무 77%·배 25%↑
기타,기타,"송가인 팬클럽, 진도군에 백미 100포대 기부"
농업/먹거리,농산물/작황,애도기간 열린 영동곶감축제…농산물 판매액 6억9천만원
경제,물가/가격,"여름 폭염으로 공급 줄어… 배추 가격 59%, 무 77% 올라"
경제,수수료/요금,예금보호한도 1억으로 상향… 중도상환수수료 최대 절반 인하 [마이머니]
농업/먹거리,농산물/작황,요새 제주관광객들이 한라봉?레드향 제치고 사온다는 제주 감귤 2종
농업/먹거리,농산물/작황,"이준구 """"한남동 해프닝, 하루아침에 국격이 '바나나공화국' 수준"""""
사회,사건/사고,"이준구 교수 """"영장까지 불법이라 우겨…국격 바나나공화국 수준으로 폭락"""""
농업/먹거리,농산물/작황,"이준구 교수 ""尹 법질서 부르짖더니…국격 바나나공화국 수준으로 폭락"""
산업,기업/산업동향,"인삼쌀국수' KAS홀딩스, 베트남 소비자보호협회 톱10 기업 선정"
농업/먹거리,농산물/작황,"임신 어려운 남성, 과일 먹을 때 '이것' 주의… 수정 성공률 떨어뜨려"
경제,정책/대책,"정부 """"설 앞두고 배추·무 공급 확대...사재기 처벌"""""
생활,레시피/요리,"주옥순 전 합덕읍 새마을부녀회장, 경로당에 수박 기부 < 읍면소식 < 뉴스 < 기사본문 - 당진시대"
경제,물가/가격,채소·과일값 급등…내수 최악인데 물가까지 불안해서야 [사설]
농업/먹거리,농산물/작황,한아름 논산 딸기랜드 논산딸기 날개를 달다
농업/먹거리,농산물/작황,"[게시판] 백두대간수목원, 계약재배 참여농가 14∼22일 모집"
농업/먹거리,농산물/작황,'하루에 채소 5인분' 먹었더니… '유방'에 일어난 건강한 변화
농업/먹거리,농산물/작황,"""그 많은 샤인머스캣이 설에 쏟아져 나오면 어쩌지?"" [남태령을 넘어①]"
농업/먹거리,농산물/작황,"""마늘은 기계로 못 심어··· 몸 힘드니 다들 시금치로 갈아타"" [남태령을 넘어①]"
경제,물가/가격,"배추·무 가격, 두 배 껑충.. 설 앞두고 소비자 '한숨'"
농업/먹거리,농산물/작황,"강수지, 혈당 조절 위해 '이 채소' 썰어 가지고 다녀… 정말 효과 좋을까?"
경제,수수료/요금,내 퇴직연금 관리도 안해주면서 수수료는 왜 떼가?
농업/먹거리,농산물/작황,울산서 지난해 생산ㆍ유통된 수산물ㆍ농산물 등 방사능 '안전'
생활,식품/음료,유럽산 홍차 제품들서 금속성이물 검출…판매중단 및 회수조치
농업/먹거리,농산물/작황,절임배추 주문해 김장 담근 농사꾼… '졌잘싸'
경제,물가/가격,폭설에 배추·무 피해 우려…농산물 가격 '들썩'
농업/먹거리,농산물/작황,혈압 고구마 : 네이버 검색
기타,기타,"""""망고 안 사와도 돼, 얼른 와""""…가슴 먹먹한 마지막 편지"
농업/먹거리,농산물/작황,"""""벌써 참외가 나왔다고?""""···성주 참외, 2025년 첫 출하"
농업/먹거리,농산물/작황,"[별별인생] 농작물 수분 첨병 역할 '벌' 살리는 명의…""후학 양성에 힘보탤 것"""
기타,기타,"""망고 안 사와도 돼, 얼른 와""… 꾹꾹 눌러쓴 마지막 편지 '가슴 먹먹'"
농업/먹거리,농산물/작황,"""젊은 당뇨환자 이렇게 많았다고?""…홍삼 보다 10배 잘 팔리는 이것"
농업/먹거리,농산물/작황,고르지 않아도 실패 없는 농산물' 위해 대형 마트가 도입한 이것
사회,사건/사고,김해 토마토 체험 농장서 화재…인명피해 없어
건강,영양/의학,다이어트 도움 되는 레몬 물… '이 물'에 우려야 좋아
산업,기업/산업동향,"레몬을 통째로...동아제약, '비타그란 유기농 레몬즙' 출시"
경제,유통/리테일,"롯데마트 """"AI 선별 과일 작년매출 100억원 돌파""""…내일농장 가동"
농업/먹거리,농산물/작황,무·배추·양배추…엽근채소값 당분간 강세 예상
산업,기업/산업동향,"영동 농산물 5종·와인터널, 8년 연속 로하스 인증"
농업/먹거리,농산물/작황,"이상순, ♥이효리 내조에 감동 ""기가 막힌 대추차 만들어줘"" (완벽한 하루)"
경제,유통/리테일,절대강자 바나나맛우유 제쳤다…외국인 韓편의점서 쓸어 담은 '이 간식'
농업/먹거리,농산물/작황,집밥 백선생' 초간단 어묵볶음…식용유에 오뎅 볶아 간장·설탕·양파·물 넣고 참기름으로 마무리 - 뉴스핌
건강,영양/의학,"홍삼, 기관지 염증 완화…가래 제거엔 '모과차'"
경제,유통/리테일,"""""바나나우유도 불닭도 아니네?""""…외국인이 편의점서 싹쓸이한 최애 간식은 '이것'"
농업/먹거리,농산물/작황,"""""산딸기 먹으며 버텼다""""…호주서 '실종 등산객' 2주 만에 발견"
농업/먹거리,농산물/작황,[리빙포인트] 보리차 끓일 땐 소금 약간
건강,영양/의학,"[밀당365]'레몬수' 좋다던데, 당뇨 환자 혈당도 낮춰주나요?"
경제,정책/대책,"[속보]당정 """"무·배추 등 16대 설 성수품 평시 대비 1.6배 공급 확대"""""
경제,정책/대책,"[속보] 당정 ""배추 등 16대 성수품 공급 물량 평시 대비 1.6배 확대"""
농업/먹거리,농산물/작황,"'생생정보' 여주 양촌지구 마늘빵·크림빵 맛집 위치는? ""신재훈 빵 명인의 베이커리카페"" - 장필구 기자 - 톱스타뉴스"
기타,기타,"""아기 가지고싶어서""… 우크라 피란민 엄마·할머니 죽인 독일 부부"
경제,수수료/요금,13일부터 금융권 중도상환수수료 절반 수준 인하
농업/먹거리,농산물/작황,"2024년 경북 사과 생산 큰 폭 증가···""""설 명절 수급 대란 없을 듯"""""
농업/먹거리,농산물/작황,480억짜리 황금 배추밭 공항' 오명…김제공항 부지 운명은 어디로?
경제,물가/가격,"김장 끝나도 金배추·金무…정부, 4월까지 배추·무 할당관세 적용"
농업/먹거리,농산물/작황,끊을 수 없는 감자튀김..유해물질 줄이는 법 5가지 - 코메디닷컴
농업/먹거리,농산물/작황,"당근, 토마토에 기름 넣어 익혀 먹었더니...몸에 어떤 변화가?"
농업/먹거리,농산물/작황,"마늘 잘못 보관하면 '곰팡이 독소' 먹을 수도… 다진 마늘, '이렇게' 보관해야"
경제,정책/대책,배추·무 등 성수품 공급 1.6배 늘리고 수급상황 매일 점검 [설연휴 민생 대책] - 파이낸셜뉴스
산업,기업/산업동향,부르스터스 '사과샤벳파인트' 출시
경제,유통/프로모션,온누리 상품권 할인율 10→15% 상향... 농산물 정부 보유물량 공급 4배 확대
농업/먹거리,농산물/작황,왜 하필 바나나일까…日 쇼핑 리스트에 꼭 있는 '도쿄 바나나'의 역사 [日요일日문화]
경제,유통/리테일,외국인 관광객의 편의점 픽 2위는 바나나맛우유…1위는?
사회,사법/치안,尹 탄핵서 등장한 '갈비탕'…'갈비 or 대파' 뭐가 빠졌나
경제,물가/가격,"이마트, 1월 가격파격 행사…2천원대 대파 등 50여종 할인"
경제,물가/가격,"이마트, 새해 첫 '가격파격 선언'...대파·만두 등 50여종 할인"
건강,영양/의학,한겨울 추위 이기는 건강식｜주간동아
농업/먹거리,농산물/작황,"호주서 실종됐던 등산객, 2주만에 발견…""""산딸기 먹으며 버텨"""""
농업/먹거리,농산물/작황,화성 주거·식물재배용 비닐하우스서 불…일가족 4명 대피
농업/먹거리,농산물/작황,[새해 달라지는 것] 농촌체류형 쉼터 도입·벼 재배면적 감축 | 연합뉴스
생활,레시피/요리,[송금희의 알수록 더 맛있는 반찬이야기] 더워야 뿌리가 여물고 꽃피는 연근 ? 존득존득한 연근조림 - 전국매일신문 - 전국의 생생한 뉴스를 '한눈에'
농업/먹거리,농산물/작황,설 대목 과일·채소 공급안정에 총력
경제,물가/가격,"""소고기 제친 과일, 설 선물 1위 등극"".. 고물가에 '가성비 전쟁' 시작됐다"
국제,해외동향,"깻잎 싸먹었는데 '대마 삼겹살'이라니…국정원, 해외여행 중 마약연루 주의 경보 - 뉴스핌"
경제,수수료/요금,"난국 속 시름하는 자영업자들, 배달주문에 사활…""수수료 인하 상생안 기대"""
생활,식품/음료,녹차 vs 말차...어떻게 다를까? - 코메디닷컴
농업/먹거리,농산물/작황,양배추 먹으면 가능하다고…작용 원리 밝혀냈다
경제,수수료/요금,올해부터 예금보호 한도 '1억'·중도상환 수수료 '인하'
경제,유통/리테일,외국인 편의점 최애상품 2위 바나나맛 우유…1위는?
경제,유통/프로모션,"파리바게뜨, '2025 베리 스페셜 딸기 페어' 진행 | 이포커스"
기타,기타,홍시처럼 달고 잡초처럼 강인한…테스형 나훈아의 노래인생 58년 | 연합뉴스
생활,레시피/요리,흑백요리사' 성우 되려면 이 정도 해야 하네…일어나자마자 코코넛오일→반야심경 줄줄('전참시')
농업/먹거리,농산물/작황,[밀당365] 냉장고 탈탈 털어~ 색다른 '채소 초밥' 어때요?
생활,식품/음료,"""""밤샘 시위 버텨보자""""…몸 녹이려 마신 '커피' '녹차' '술' 큰 일 납니다"
농업/먹거리,농산물/작황,"""""잠 잘 자려면?""""...취침 1시간 전 '이 과일' 먹어라?"
농업/먹거리,농산물/작황,[신상잇슈] 서울우유 '미노스 바나나우유'·빙그레 '쥬시쿨 제로'
농업/먹거리,농산물/작황,[심층] 1월 초인데 벌써 참외가 나왔다고?···경북 성주군에서는 2025년 참외 첫 출하가 이미 이뤄졌답니다
생활,식품/음료,"[주말엔 음식] """"유자차 건더기, 먹어도 될까요?"""""
경제,유통/리테일,"[출시] 복숭아 우롱티에 코코넛 알갱이..파리바게뜨, '피치 젤리 아이스티' | 한국정경신문"
생활,레시피/요리,"[한눈에 보는 시세] 단감, 생산량 늘어 약세지만 설 연휴 반등 전망"
생활,레시피/요리,"'맛남' 김동준, 훈제 오리 시금치 볶음…백종원 ""실력 많이 늘어"" < 연예 < 문화 < 기사본문 - 싱글리스트"
농업/먹거리,농산물/작황,올해 설 선물 과일세트-사과-소고기 순으로 선호… 5만원 이하
농업/먹거리,농산물/작황,"1㎏에 2만원 훌쩍, 그림의 金딸기 [인포로 본 세상]"
농업/먹거리,농산물/작황,"국립산림과학원, 원주 반계리 은행나무 수령 '1317년'"
농업/먹거리,농산물/작황,당근이 당뇨병 치료에 도움 될까?...쥐 실험 결과는 희망적
농업/먹거리,농산물/작황,딸기 뷔페·칵테일·빙수… 이번 주말에는 '딸기 파티'하러 호텔로
농업/먹거리,농산물/작황,맛만 좋은 줄 알았는데… 지금 먹어야 효과 제대로인 '겨울 과일'
산업,기업/산업동향,물·비료 덜 써도 농작물 생산량↑…한화도 수천억 베팅한 이 기술
농업/먹거리,농산물/작황,세계 3대 장수 식품' 중 하나인 양배추…이런 경우에는 먹지 마라 | 위키트리
농업/먹거리,농산물/작황,아침에 양배추 꾸준히 먹었더니...대장암 세포에 변화가?
생활,식품/음료,"엑스트라 버진'과 '퓨어', 올리브 오일의 등급이란 - 노컷뉴스"
농업/먹거리,농산물/작황,영하 13도에 참외가 나온다고?…첫 출하 현장 가보니 [르포]
농업/먹거리,농산물/작황,올해 설 선물 구매의향은? 과일 혼합세트·사과 순
농업/먹거리,농산물/작황,원주 반계리 은행나무 수령은 '1317년'
경제,물가/가격,"이천시, '농산물가공 상품개발 리빙랩' 소비자패널 평가회 진행"
정치,농정/정책,친환경벼 2·3등급도 공공비축용 매입
생활,레시피/요리,호텔업계 설 선물 프리미엄부터 가성비 세트까지… 탕국·모듬전 등 차례상 세트도
농업/먹거리,농산물/작황,"흑백요리사 급식대가, 오이무침에 의외의 '이것' 넣었다… 어떤 효능이?"
농업/먹거리,농산물/작황,"""""과일 값은 내렸는데""""…올해 4인가족 차례상 비용 '30만2000원'"
농업/먹거리,농산물/작황,"""""먹으면 뱃살 빼준다?""""...식탁에 올리면 좋은 채소들"
농업/먹거리,농산물/작황,"""""제철인데, 딸기주스가 안 팔려요""""…카페 사장님들 '한숨'"
농업/먹거리,농산물/작황,[킁킁과학] 군고구마에서 풍기는 달콤한 냄새의 정체
경제,물가/가격,"""설 차례상 비용 역대 가장 비싸""…채소류 가격↑"
기타,기타,"""아빠, 이사 안 가요?""…""집이 팔려야 가지"" [수민이가 궁금해요]"
농업/먹거리,농산물/작황,"""한파에 시설감자 이상 없어야 할텐데…"" 농작물 생육관리 긴급 전파"
농업/먹거리,농산물/작황,과일·채소 듬뿍 먹으려고 '이렇게' 하다간… 치아 망가진다
경제,수수료/요금,내일부터 중도상환수수료 인하…폐지는 왜 안 될까
농업/먹거리,농산물/작황,"녹차 재배 적지 북상.. """"2090년엔 전국 재배 가능"""""
경제,유통/리테일,바나나맛 우유 제쳤다… 외국인이 한국 편의점서 '싹쓸이'한 제품은?
생활,식품/음료,백향과 크림찰떡·고사리 장아찌·표고소금···설선물은 기발한 지역농식품으로
농업/먹거리,농산물/작황,"불로초, 제주 생산 감귤의 4%에만 부착되는 명품브랜드"
경제,수수료/요금,"상장사들, 자사주 직접 매입하지 왜 수수료 지급하며 신탁 맡길까... ""꼼수 조심하세요"""
농업/먹거리,농산물/작황,"송중기 이탈리아 집 대체 어떻길래 ""올리브나무 있어 오일 추출까지""(냉부해)"
경제,수수료/요금,"애플페이, 국내 교통카드 연동 '좌초'…수수료 협상이 관건"
농업/먹거리,농산물/작황,야채·콩 많이 먹으면 식중독에 덜 걸려...왜?
기타,기타,약 복용 중 '자몽 섭취 금지' 문구 사라질 수도
사회,사법/치안,"양곡법 거부, 체포도 거부... 거부의 시대에 만난 대학생-농민"
경제,수수료/요금,올해부터 특별재난지역 개인·소상공인 특허수수료 최대 90%↓
경제,물가/가격,점심 먹고 카페 갔다가 '깜짝'…밥값 보다 '딸기 케이크' 가격이 더 비싸네?
사회,사법/치안,"중국산 나물 구분하려면?…""""설 명절, 제수용품 원산지 확인 꼭"""""
농업/먹거리,농산물/작황,"철원에서 5년째 파프리카 농사, ""잠시 쉬러 온 고향에 뼈를 묻기로 했죠""[서영아의 100세 카페]"
농업/먹거리,농산물/작황,"""""쌀 재배 면적 강제로 줄이라니"""".. 전농 전북도연맹, 철회 촉구"
농업/먹거리,농산물/작황,"""""채솟값 올라 콩나물만 사요""""… '기후플레이션'은 평등하지 않다 | 한국일보"
산업,기술/산업,[CES 2025] AI 식물 재배·로봇 수확기까지…미래 농업에 '한발짝 더'
경제,수수료/요금,"[이슈플러스] 배민·쿠팡이츠, 수수료 동일해졌다…내년 본격 마케팅 경쟁 예고 - 전자신문"
사회,사건/사고,"""과일주스·탄산음료로 연 33만 명 사망""… '제로○○'은 안전할까?"
농업/먹거리,농산물/작황,"""김치업체 보유분까지 푼다"" 배추 물량 얼마나 적길래?"
농업/먹거리,농산물/작황,"""사과 쓰지 마! 배도 안돼"" '상표권 깡패' 애플, 소송만 수백 건 - 헤럴드경제"
농업/먹거리,농산물/작황,"""어쩐지 안보이더라"" 제철인데도 자취 감춘 '이 과일'"
경제,물가/가격,"1.5배 치솟은 마른김 가격…수산물값, 농산물값보다 더 뛰어"
경제,물가/가격,"2TV 생생정보 가격파괴WHY' 3500원 버섯칼굿수, 시장 상인 원핏 맛집 '어디?'"
경제,물가/가격,"국민 반찬' 마른김 가격 폭등…수산물값, 농산물보다 더 뛰어"
경제,수수료/요금,금융권 13일부터 중도상환수수료 절반으로
경제,물가/가격,농업인 직불금 5% 인상... '금배추' 비축기간은 3개월로 연장
경제,물가/가격,딸기 디저트' 비싸서 먹기 꺼렸는데…놀라운 소식 전해졌다
농업/먹거리,농산물/작황,"마른김 한장 100→150원, 1년새 1.5배↑…수산물값, 농산물보다 더 뛰어"
농업/먹거리,농산물/작황,설 앞두고 배추 등 농산물 1만 톤 푼다…배·귤도 확대공급
사회,사건/사고,시청역 역주행 희생자에 '토마토 주스' 조롱한 남성 '불기소'
농업/먹거리,농산물/작황,"오늘N' 오늘방송맛집- 할매 식당, 보리밥 맛집 '원○○○○○○' - 이투데이"
농업/먹거리,농산물/작황,온라인도매시장 통해 농산물 6000t 규모 지원
농업/먹거리,농산물/작황,"이상 기후' 수많은 경고음에도...60년 후 김장할 배추·무 못 키운다 [기후변화, 밥상의 위기]"
정치,농정/정책,"전북 농민들 """"벼 재배면적 감축 정책은 영농권 침해""""…철회 촉구"
정치,농정/정책,"정부, 배추 등 농산물 1만1천t 푼다…배·귤도 확대공급"
경제,물가/가격,제철인데…무섭게 가격 오른 '이 과일'
사회,사건/사고,푸바오 왜 이래? 죽순 먹다 팔다리 '덜덜덜' 경련…수의사까지 출동[영상] - 뉴스1
기타,기타,해남에서 맛있는 음식점 어디?…'해남맛집' 6곳 추가지정
농업/먹거리,농산물/작황,"""""바닥 다졌나""""…'바나나맛 우유' 활약에 빙그레 투자한 개미 웃었다"
경제,물가/가격,"""""제철이지만 못먹어요""""…딸기 잼부터 케이크까지 가격 줄인상"
정치,농정/정책,"[단독]의욕 앞섰던 정부…올해 가루쌀 재배면적, 목표치 57.5% 그쳐"
농업/먹거리,농산물/작황,[르포] 38년 성심당맨도 처음 본 '케이크런'…'딸기시루'에 크
기타,기타,[맛있는 이야기] 인삼 못지않은 영약 '더덕'…매콤달콤한 양념 더해지면 풍미 '일품'
농업/먹거리,농산물/작황,"'12kg 감량' 심진화, 아침에 '이 과일' 꼭 먹는다… 어떤 효과 있길래?"
농업/먹거리,농산물/작황,"""딸기부페 갈 돈이면 해외""...요즘 핫한 일본을 단돈 5만원에 왕복한다고?"
경제,물가/가격,"""배추·닭고기 비싸도 너무 비싸""…정부 집중관리 들어간 먹거리는?"
농업/먹거리,농산물/작황,과일씻을때 : 네이버 검색
농업/먹거리,농산물/작황,"노사연 ""이무송과 너무 많이 싸워 집에 깻잎 無""(탐비)"
농업/먹거리,농산물/작황,배추 대신 열무…런치인플레이션에 구내식당 메뉴가 달라진다
농업/먹거리,농산물/작황,벽에 붙인 바나나가 87억…웃음꺼리가 된 현대미술 [0.1초 그 사이] - 헤럴드경제
농업/먹거리,농산물/작황,"尹 관저 앞 금세 동난 '콩나물국'…""""내일 몸으로라도 막아야 하나"""""
사회,사법/치안,"은박 요괴·난방 버스 이어 '콩나물국'…""""尹체포, 몸으로 막자"""""
농업/먹거리,농산물/작황,이상고온 여파…딸기농가 생산량 줄어 '신음'
산업,기업/산업동향,전남산 절임배추·김치 4만 6000달러 어치 미국 수출길…총 8.9톤
농업/먹거리,농산물/작황,채소·과일 '농약' 묻었을까봐 걱정된다면… '이렇게' 씻으세요 - 당신의 건강가이드 헬스조선
건강,영양/의학,"최화정, 강추한 '이 버섯', 최고의 다이어트 식품이라고? - 코메디닷컴"
사회,사건/사고,토마토 체험 농장서 화재…인명피해 없어
농업/먹거리,농산물/작황,"하나로마트 ""22일부터 배추 한 포기에 3천원 대 판매"""
기타,기타,현미밥 계속 먹으면 빈혈 생긴다고?
농업/먹거리,농산물/작황,[고령소식] '고령 딸기' 경북 과수 통합브랜드로 홍콩에 3t 수출
농업/먹거리,농산물/작황,"[단독]""""'음쓰'에 과일, 먹이가 지천에 널렸다""""…韓공항 중 딱 한 곳만 빼고 '새떼 유혹 중'"
경제,물가/가격,'치솟는 카카오 가격'에도 현지농가 재배 포기 속출
농업/먹거리,농산물/작황,"""목에 땅콩 걸린듯 해""...60세男 1년 간격으로 2개 암 걸려, 무슨 일?"
경제,물가/가격,"""설 대목 과일선물세트 10만상자 푼다""…성수품 공급확대·가격안정 '총력'"
경제,수수료/요금,"""창가나 통로 옆 좌석도 돈 내야해?""…항공사 '좌석 선택 수수료' 논란｜동아일보"
농업/먹거리,농산물/작황,파인애플 피자 먹고 싶어요? 18만원 내세요
농업/먹거리,농산물/작황,"녹차 하루 석 잔, 치매 유발 뇌병변 위험 ↓…커피는 무관"
농업/먹거리,농산물/작황,"농진청장, 농업인실용교육 현장서 쌀 재배면적 조정 동참 당부"
경제,수수료/요금,배달 수수료 두고 갈등 지속…프랜차이즈 여전히 반발
생활,식품/음료,생선찌개에 생강 넣고 생강차 꾸준히 마셨더니...몸에 어떤 변화가?
사회,사법/치안,서울구치소 오늘 저녁은 콩나물국…해장국·김치찌개도 나온다
경제,유통/프로모션,"홈플러스, 과일 선물세트 업계 최저가 수준 … 최대 50% 할인혜택도"
건강,영양/의학,"""""육류, 구운버섯 함께 섭취 시 콜레스테롤 감소 효과 있어"""""
건강,영양/의학,"""""적색육 많이 먹으면 치매 위험 13%↑…견과류 대체시 20%↓"""""
경제,수수료/요금,[단독] 폭설 오자 '수수료 15만원' 제시… 배송기사들 위험에 내몬 쿠팡
농업/먹거리,농산물/작황,[담양소식] 지역 생산 딸기 6개국 수출
농업/먹거리,농산물/작황,[리빙포인트] 꼬막 요리엔 마늘
농업/먹거리,농산물/작황,벼 재배면적 8만 ㏊ 줄이면 농업생산액은 60조1000억 원
사회,사법/치안,"""식단은 콩나물국과 불고기""""…외신, 윤 대통령 구치소 식단 주목"
경제,수수료/요금,"IRP, 세금 아끼려다 수수료 왕창!...'계좌전환' 되나요?[똑똑정보] < 사회 < SEOUL PRESS < 기사본문 - 이코노믹리뷰"
농업/먹거리,농산물/작황,"고독사' 그 방에서…햇반 챙겨간 누나, 과일 깎아먹은 부모 | 중앙일보"
경제,수수료/요금,"공정위, 카카오콜 아니면 수수료 금지…업계 """"승차거부 늘어날 것"""""
농업/먹거리,농산물/작황,과일 먹고 '가글'만 해도 될까 < 건강·질병 < 뉴스 < 기사본문 - 매경헬스
농업/먹거리,농산물/작황,"눈물 '쏙' 빼는 양파 매운맛 원인, 韓연구진이 세계 최초로 밝혀냈다"
생활,식품/음료,"달걀 스크램블에 레몬차 한 잔...""따끔따끔 목구멍 통증이 가라앉네"""
경제,수수료/요금,"번개장터 '프로상점' 서비스, 수수료 부과 방식에 판매자 불만 쏟아져 < IT·비즈 < 기사본문 - 뉴스워커"
경제,수수료/요금,부동산PF '만기연장수수료' 폐지…금융권 모범규준 제정
농업/먹거리,농산물/작황,생활의달인' 식혜찹쌀도넛 맛집 '화승꽈배기' 위치 알아보기 < 종합 < 연예 < 기사본문 - 국제뉴스
농업/먹거리,농산물/작황,"세븐틴 호시, 정체불명 된장찌개 먹고 ""감자탕인가요?"" 폭소 (콩콩밥밥)"
사회,사법/치안,"尹 조사 후 구금될 서울구치소, 오늘 저녁은 콩나물국에 불고기"
경제,유통/리테일,제철 맞은 딸기 듬뿍 들어간 '투썸플레이스' 딸기 시즌 케이크 4종 - 인사이트
농업/먹거리,농산물/작황,채정안이 공복에 즐겨먹는 '땅콩버터사과'...어떤 효능이?
농업/먹거리,농산물/작황,"품위저하·소비침체…곶감·샤인머스캣, 설 특수 기대 어려워"
경제,정책/대책,필리핀 바나나 관세 폐지 - 전체 | 카드/한컷 | 멀티미디어
과학/기술,연구/발견,"[100세 과학] 나이 든 생쥐, 노랑느타리버섯 먹고 심장 튼튼해졌다 - 조선비즈"
건강,영양/의학,[건강의학칼럼] 견과류 '이렇게' 먹어야 득…버려야 할 때는? < 오피니언 < 기사본문 - 양산신문
경제,수수료/요금,"[단독] 애플페이 도입 카드사 확산 조짐에…삼성페이, 수수료 부과 '재검토'"
경제,물가/가격,인기 상승' 아열대 작물…재해 보험은 '사각
농업/먹거리,농산물/작황,"30대 여성, 한 달간 과일만 먹었더니…'깜짝' [건강!톡]"
기타,기타,"견과류, 통에 넣어 냉장고에? '여기'에 담아야 산패 막는다"
농업/먹거리,농산물/작황,고기 먹을 때 양파 듬뿍 넣었더니...몸에 어떤 변화가?
농업/먹거리,농산물/작황,누리꾼들 깜짝 놀라게 한 '충격적인 건포도 생산 과정' (사진) | 위키트리
기타,기타,"닥터호두 ""품질·맛 좋은 국산 호두, 신선하고 편하게 먹도록 제공합니다"""
농업/먹거리,농산물/작황,당뇨 환자가 먹어도 좋은 과일 vs 피해야 할 과일 - 코메디닷컴
농업/먹거리,농산물/작황,마시는 포도 → 즐기는 포도로 '와이너리의 무한도전' < 임시 < 기사본문 - 중부매일 - 충청권 대표 뉴스 플랫폼
농업/먹거리,농산물/작황,양양군 신품종딸기 생산 확대나선다
농업/먹거리,농산물/작황,양파 썰 때 눈물 '쏙' 빼는 이 성분...국내 연구진이 최초 원리 밝혀
농업/먹거리,농산물/작황,"이 과일' 주스, 일주일에 5회 이상 마시면… 발기부전 위험 뚝"
정치,농정/정책,"전남농민들 ""벼 재배면적 감축 정책, 폐기하라"""
생활,레시피/요리,종합 윤지민 57kg라더니 입금 전후 확실…11kg 감량 직접 짠 레몬으로 관리하이하이 | 텐아시아
농업/먹거리,농산물/작황,한 달간 과일만 먹은 여성이 겪은 '뜻밖의 부작용'…결국 이렇게 됐다
농업/먹거리,농산물/작황,"""""양파 보기만해도 눈물 나""""…매운맛 원인, 韓연구진이 밝혀냈다"
생활,레시피/요리,[추석음식만들기] 고추전·새우튀김·동그랑땡 만드는 법 '레시피 공개' < 종합 < 사회 < 기사본문 - 국제뉴스
산업,기술/산업,"'사과' 마니아라면 들어봐야 할 사과...잡스 사후 13년 쿡의 애플 ""AI가 시험대"" [이동인의 IT쿨라임]"
농업/먹거리,농산물/작황,프리미엄 쌀' 개발해 소비자 입맛 잡기 '사활
건강,영양/의학,"""요즘 부쩍 빠진다면""…전문가가 꼽은 머리카락 건강에 좋은 음식 5가지"
농업/먹거리,농산물/작황,"""퇴근後 매일 바나나 우유 사오시던 우리 아빠""…제주항공 참사의 슬픈 외침"
농업/먹거리,농산물/작황,"""포도 자체가 식물 아닌가?""...'비건' 와인이 따로 있는 이유는? [전형민의 와인프릭]"
경제,물가/가격,"가격 급등 배추·무…농식품부, 비축물량 하루 200톤 도매시장 방출"
기타,기타,"계란 한 알, 두부 반모, 데친 브로콜리… 사람들이 환호한 점심 사진"
사회,단속/점검,"송미령 장관, 배추·무 비축기지 방문…출하 상황 점검"
경제,수수료/요금,수수료 싼 '당근 앱' 아파트 매매 급증… 법적 분쟁엔 취약
건강,영양/의학,"수십만 원 호가하는 '이 버섯'… 맛·향 좋고, 면역력 개선도"
농업/먹거리,농산물/작황,안성맞춤 겨울 야식 찹쌀떡과 메밀묵
생활,레시피/요리,"전통 떡집 '옛것과 새것의 조화'… 키위·복분자설기, MZ도 홀릭 [김동환의 김기자와 만납시다]"
농업/먹거리,농산물/작황,지금 가장 핫한 고구마 디저트 4! - LIFE | 코스모폴리탄 코리아 (COSMOPOLITAN KOREA)
농업/먹거리,농산물/작황,"추성훈, 유일하게 스무디로 '이 채소' 즐긴다… 몸엔 어떤 효능이?"
농업/먹거리,농산물/작황,"""""콧속에 마늘 넣었더니 신세계""""…말 많은 '틱톡 건강팁' [건강!톡]"
농업/먹거리,농산물/작황,"[TVis] 장원영, 평소 무엇 먹을까…""디저트 한입에 우유·두유·아몬드 한 컵씩"" (냉부해)"
기타,기타,"[단독]한 달 새 100만개 팔린 '이장우 호두과자', 부산 간다"
농업/먹거리,농산물/작황,고구마를 자주 먹었을 때 우리 몸 속에서 일어나는 변화 | 위키트리
농업/먹거리,농산물/작황,나를 위해 챙겨 먹자! 건강에 좋은 고섬유질 과일 8
경제,수수료/요금,다낭 항공권 취소했더니 수수료 30만원…소비자피해 주의보
농업/먹거리,농산물/작황,대구 마늘가게 상품권깡 때문에...전국 주류샵 설명절 대목 놓칠판 [푸디人]
경제,물가/가격,"설 차례상, 4인 가족 기준 ""33만 원 돌파"".. 배·콩나물도 '폭등', 물가 한파 몰아친다"
농업/먹거리,농산물/작황,"오늘도 먹네…NCT 127, 공연 도중 샤인머스캣→바나나 먹방 """"양해 부탁"""" [엑's 현장]"
건강,영양/의학,온 가족 건강 지켜주는 '홍삼' 설 선물로 인기
경제,수수료/요금,"요기요, ""배민·쿠팡이츠와 달라""…매출 상위 수수료 4.7%로 낮춰 상생 강화 - 이투데이"
농업/먹거리,농산물/작황,장성군 농산물 올해 첫 미국 수출!
농업/먹거리,농산물/작황,"장원영 냉장고 최초 공개, 미식가+마를 수밖에 없는 채소러버 입맛(냉부해)"
농업/먹거리,농산물/작황,"전남도, 마늘·양파 경작신고로 농업경영체 변경까지 한번에"
사회,단속/점검,"정부, 설 성수기 배추·무 유통 실태 점검…""""불공정행위 찾는다"""""
사회,단속/점검,"정부, 설 앞두고 배추·무 유통 실태 전반 점검"
농업/먹거리,농산물/작황,"""""1층선 쌀 재배, 2층엔 돼지농장…농지개념 확 바꾼다"""""
농업/먹거리,농산물/작황,"""""설 차례 안 지낸다"""" 51.5%…인기 선물 품목은 '과일'"
경제,물가/가격,"""""알몸 김치? '금배추'가 더 무섭다""""…중국산 김치 수입액 '역대 최고'"
농업/먹거리,농산물/작황,"""""치즈를 완두콩으로 만든다?""""...식물성 치즈, 영양은 어떨까?"
건강,영양/의학,"""""하루에 녹차 '이만큼' 마시면 치매예방 효과 있다"""""
농업/먹거리,농산물/작황,"[밀당365] 신선한 '이 과일', 혈당뿐 아니라 눈·수면 건강에도 이로워"
경제,수수료/요금,"'주7일 배송' CJ대한통운 택배기사들 ""기본시급 안되는 수수료에 휴일 반납"""
농업/먹거리,농산물/작황,100만원 한우 불티나는 백화점… 5만원 과일도 안 나가는 마트
기타,기타,①9900원 세트 ②골드망고 대신 애플망고…'초가성비'가 강세된 설 선물세트
건강,영양/의학,"고혈압엔 표고, 다이어트엔 팽이…건강만점 '버섯'"
경제,수수료/요금,기껏 상생안 만들었더니…'배달수수료 법' 생기나
농업/먹거리,농산물/작황,"단양군, 우량 씨마늘 20t 농가 보급…내달 14일까지 수요조사"
경제,물가/가격,더럽다고 기피했는데…배춧값 폭등하자 한국 점령한 '중국산 김치'
농업/먹거리,농산물/작황,딸기 위에 딸기 얹은 이곳... 입맛 사로잡은 서울 시내 이 호텔
농업/먹거리,농산물/작황,"문가영♥최현욱, 초밀착 투샷 공개..애칭은 '흑염룡♥딸기'('그놈은 흑염룡')"
경제,물가/가격,배 줄이고 사과 채운 선물세트…더 비싸진 제수물가에 낱개로 산다
경제,수수료/요금,"법정수수료 59만인데, 200만원 받은 공인중개사 수사 의뢰"
농업/먹거리,농산물/작황,부산 엄궁·반여농산물시장 잔류농약 검사서 1.5% 부적합…전량 폐기
경제,물가/가격,"사과 생산 늘었다는데 여전히 '금사과', 왜?"
경제,수수료/요금,"선물하기' 배송비에 수수료 부과한 카카오‥공정위, '자진시정' 동의의결 절차 개시"
경제,유통/리테일,세븐일레븐-안유성 명장 설 앞두고 '마늘갈비정식' 도시락 선보여
경제,수수료/요금,신한·국민도 애플페이 만지작… 수수료 부담 '혜자카드' 어쩌나
농업/먹거리,농산물/작황,"심영순 """"딸 헌신으로 췌장암 극복…1년간 매일 채소탕 끓여줘""""('4인용식탁')"
경제,수수료/요금,"알리익스프레스, 韓 셀러 해외 진출 지원…""""5년간 수수료 면제"""""
농업/먹거리,농산물/작황,옥수수·콩·포도씨…'씨앗 기름' 정말 건강에 나쁠까?
농업/먹거리,농산물/작황,"중국산 김치, 우리 식탁 점령?…역대 최대 31만톤 수입"
농업/먹거리,농산물/작황,차례상 과일 올해는 하나만?…구입비 평균보니
농업/먹거리,농산물/작황,취약계층에 신선 농산물 지원 '농식품 바우처' 전국 시행
경제,물가/가격,"""""감귤 나왔네"""" 1박스 들었다가 가격에 깜짝…한달 새 22% 뛰었다"
농업/먹거리,농산물/작황,"""""귤 딸 사람 구해요"""", """"구좌 당근 포장하실 분""""…알바 자리 쏟아지는 제주"
생활,레시피/요리,"""""유자간장 드레싱""""…'편스토랑' 이정현, 쭈꾸미연포탕-참나물쭈꾸미샐러드 레시피 공개 - 김효진 기자 - 톱스타뉴스"
농업/먹거리,농산물/작황,[단독]'벼 재배면적조정제' 손본다…농가별 감축면적 할당 폐지
기타,기타,"[영상]사탕수수 팔던 코끼리, 갑자기 코와 발로 사람들 밀어버린 이유"
정치,농정/정책,[팩트체크] 조금이라도 싹이 난 감자는 버려야 한다? < 정책/사회 < 기사본문 - 뉴스톱
농업/먹거리,농산물/작황,[포토] 설 앞두고 가득 쌓인 과일상자
농업/먹거리,농산물/작황,"'4인용식탁' 심영순 ""딸이 끓인 채소탕 1년 먹고 췌장암 완치 기적"" [어제TV]"
기타,기타,'여성 갱년기' 피해야 할 5가지 영양제 - 레이디경향
농업/먹거리,농산물/작황,"""감귤 딸 사람 구해요""...제주도, 당근알바 사용률 비수도권 중 '1위'"
농업/먹거리,농산물/작황,"""국산 농산물 6만7000원 구입하면 2만원 돌려드려요""…경북 전통시장 10곳"
경제,유통/프로모션,"경북 청도군 """"한재 미나리 드시면 레일바이크 10% 할인"""""
농업/먹거리,농산물/작황,고기 먹을 때 버섯·김치 같이 굽는 이유 있었다
건강,영양/의학,"노화 촉진 음식 6가지…어라, '○○'도 포함?"
사회,사법/치안,"농진청 """"설 제수용 사과·배, 이렇게 고르세요"""""
농업/먹거리,농산물/작황,더럽다고 기피했는데…2700억대 중국산 김치 또다시 '한국 점령'
기타,기타,"롯데이네오스화학, 울산 어르신 위해 '사랑의 백미 나눔'"
생활,식품/음료,"맨해튼 카페 점령했다는 동양의 초록색 '이 식물', 말차 아니라고?!"
농업/먹거리,농산물/작황,"버려지는 '못난이 농산물' 어쩌나…""""유통 활성화 방안 시급"""""
건강,영양/의학,혈당 관리에 효과적인 '5가지 아침 습관'
농업/먹거리,농산물/작황,"""""과일도 고기도 덜먹어요""""…찬바람 부는 전통시장"
경제,물가/가격,"""""과일 줄게 현금 다오"""" 고물가·불황에 설 선물 '동상이몽'"
농업/먹거리,농산물/작황,"""""탄산수, 포도당흡수·신진대사 촉진…체중감량 효과는 미미"""""
경제,수수료/요금,"[속보] 배민, 내달 26일부터 수수료 내린다"
농업/먹거리,농산물/작황,"""과일 싸고 맛 좋은데""…불황 속 설 선물 구색맞추기 분주"
농업/먹거리,농산물/작황,"""물에 '이 채소' 넣어 마시세요""… 英 유명 의사, 금방 살 빠졌다는데?"
경제,수수료/요금,"""치킨값 내려갈까""…배민, 내달 26일 수수료 내린다"
농업/먹거리,농산물/작황,"감자 사러 갔다 발견한 바위, 80개 루트 암장으로 변신 [Man&Wall 고령 우곡 수리암장]"
농업/먹거리,농산물/작황,감자 전래 200년에 '감자 선진국'…기후 변화는 도전
농업/먹거리,농산물/작황,매일 '이 과일' 한 개 먹으면...女 뱃살 쏙 빠진다고?
경제,수수료/요금,"배달의민족, 2월 26일부터 수수료 '2.0∼7.8%'로 인하"
경제,수수료/요금,"배달의민족, '상생안' 본격 실행…수수료 최대 7.8%P 인하"
경제,수수료/요금,"배민, 26일부터 배달수수료 '상생요금제' 적용"
경제,수수료/요금,"배민, 수수료 '2.0∼7.8%'로 내린다…배민클럽 전국 확대(종합)"
사회,사건/사고,보리차만 먹다 뇌손상으로 숨진 아기…수목장 치러준 검찰
사회,사건/사고,보리차만 먹다 숨진 아기…수목장 치러준 검찰
농업/먹거리,농산물/작황,"설빙, 제철 생딸기로 만든 디저트 잘 나간다"
기타,기타,신기루 야채 식단에 비둘기가 좋아하는 건가요…12살 연상 신애라에게 불만 표출애라원 | 텐아시아
농업/먹거리,농산물/작황,쌀도 채소도 화장품도 양 적게…가성비에 '소포장' 상품 불티
농업/먹거리,농산물/작황,"중국 공세에도 역공하는 일화, 보리 탄산음료 '맥콜' 중국에 정식 수출"
농업/먹거리,농산물/작황,집에서도 간단! 믹서 하나로 만드는 '바나나 귀리 머핀'
농업/먹거리,농산물/작황,"컵라면 먹을 때 달걀, 바나나 추가했더니...몸에 어떤 변화가?"
농업/먹거리,농산물/작황,"쿠팡, '블랙리스트' 첫 사과‥""""광범위 수집 죄송‥언론사 등 소송 취하"""""
경제,물가/가격,"""""배 한 개에 만 원이요?""""…역대급 과일 가격에 '낱개'로 구매하는 사람들"
농업/먹거리,농산물/작황,"""""이 얼굴이 54세?"""" 20대 탄력가진 女...하루 한 개 '이 과일'이 비결?"
사회,단속/점검,"(주)대륜이엔에스, 가스레인지 점검 봉사··· 의정부시에 백미 기부도"
농업/먹거리,농산물/작황,[D리포트] 한겨울 포근한 이곳 한라봉이 주렁주렁…17년 만에 '최적지' 부상
농업/먹거리,농산물/작황,[Enjoy Life - 건강] 대상포진 강력한 방패… 면역력 높일 현미ㆍ채소ㆍ오징어
농업/먹거리,농산물/작황,"[르포] ""金사과·金배 선물 세트 2만5000원 싸게 샀어요""… 설 연휴 앞둔 직거래장터 가보니"
농업/먹거리,농산물/작황,"""사과는 묵직한 것, 배는 매끈한 것""…설 명절 실패 없는 과일 구매법"
농업/먹거리,농산물/작황,"""이 상품 주면 기부 할 만하지""…고향사랑 답례품 2위는 제주감귤, 1위는?"
경제,수수료/요금,교통카드 우선협상 '마이비'… 꼼수 수수료율로 선정 의혹
농업/먹거리,농산물/작황,농산물로 만든 가공품.. 판로 확대 대안되나
산업,기업/산업동향,"매일유업, '썬업 과일야채샐러드 주스 퍼플' 출시"
경제,수수료/요금,"배달수수료 내리는데…배달 많은 업체 반발, 왜?"
농업/먹거리,농산물/작황,벼 재배면적 일방적 감축…농민들 '혼란'
사회,사건/사고,보리차만 먹다 숨진 두 살배기…검찰이 수목장 치러줬다
농업/먹거리,농산물/작황,오이하다·자몽하다·포도하다 뜻이 있었다…과일과 전혀 무관 : 국제신문
경제,수수료/요금,우대수수료 인하에 카드사 '난감'…소비자 혜택도 줄어들 듯 < 뉴스분석 < 금융 < 경제 < 기사본문 - 뉴스워치
사회,사법/치안,"크레아팜, 윤병락 작가와 추석 맞이 특별 장수사과 선물세트 선보여 < 사회일반 < 사회 < 기사본문 - 문화뉴스"
농업/먹거리,농산물/작황,홍삼선물 가담한 강인규 전 나주시장 아들 '1심 무죄→2심 유죄'
농업/먹거리,농산물/작황,"""""성심당 딸기시루 두고 내렸어요""""…작년 기차역·열차 '유실물' 30만개"
기타,기타,"""""이제 오렌지도 못 사먹겠네""""…악재 덮쳤다 '비명'"
농업/먹거리,농산물/작황,"벼 재배면적 감축, 농가 참여 유도 확실한 보상책 내놔야"
농업/먹거리,농산물/작황,"고립 주민들 함께 채소·벌 키웠더니 ""살맛 납니다"""
경제,금융/증권,국민연금 月300만원 넘는 수급자 처음 나왔다…비결은 두 가지
경제,수수료/요금,내년부터 고졸 검정고시 응시 수수료 안낸다! - 머니투데이
경제,수수료/요금,수수료 모두 공짜라더니…4조원 몰렸다
경제,수수료/요금,"수수료 전면 무료' 이 계좌, 3주에 1조원씩 몰렸다"
생활,식품/음료,이제 오렌지주스도 못 사먹겠네…초유의 상황에 비명 | 한국경제
농업/먹거리,농산물/작황,"제주, '당근알바' 전국 1위.. ""감귤도 당근도, 일손 전쟁 중!"""
기타,기타,지구상 유일 자생 멸종위기 1등급 '제주고사리삼' 번식 포착 [제주Zoom]
경제,유통/리테일,"투썸플레이스, 생딸기 듬뿍 올린 '스트로베리 시즌 케이크' 론칭"
산업,기업/산업동향,"""""출시와 동시에 완판""""…구미서 자란 천혜향·레드향 대박행진"
여행/외식,호텔/외식,"""""호두과자가 아니네""""…명절 휴게소에서 22억원어치 팔린 '이것'"
산업,기업/산업동향,"""""호두과자보다 많이 팔렸다"""" 고속도로 휴게소에서 '매출 22억 원' 명절 인기 메뉴는?"
산업,기업/산업동향,"""""호두과자 아니었어?""""…'매출 22억' 명절 휴게소 인기메뉴 1위는"
농업/먹거리,농산물/작황,[신상잇슈] 오뚜기 '순후추 팝콘'·노브랜드버거 '통마늘 베이컨'
농업/먹거리,농산물/작황,"""'배추·무' 해외서 길러요"" 글로벌 농장 어디 될까"
여행/외식,호텔/외식,"""호두과자 아니었다"" 22억어치 팔린 휴게소 인기 메뉴 1위는"
농업/먹거리,농산물/작황,"감자튀김 즐기는 남성, 性기능 약해질 수도… 대신 '이것' 드세요"
산업,기업/산업동향,고속도로 휴게소 판매 2위는 호두과자...매출 22억 1위는?
기타,기타,"귀리+현미밥 꾸준히 먹었더니, 지방-혈관에 변화가? - 코메디닷컴"
산업,기업/산업동향,명절 고속도로 휴게소 최다매출 아메리카노·호두과자·우동…매출 1위 행담도휴게소
여행/외식,호텔/외식,명절 연휴에만 22억 넘게 팔았다…호두과자 제친 휴게소 인기 메뉴
여행/외식,호텔/외식,"명절 휴게소 인기메뉴 1위, 호두과자 제친 이것"
여행/외식,호텔/외식,명절 휴게소 인기 음식… 호두과자 제치고 1위 오른 이것
농업/먹거리,농산물/작황,배스킨라빈스 홍시 모찌 칼로리 : 네이버 검색
농업/먹거리,농산물/작황,"부산시, 임산부 친환경농산물 꾸러미 지원사업 진행 < 사회 < 뉴스 < 기사본문 - NBN미디어"
농업/먹거리,농산물/작황,분홍 소시지·과일 사라다… 추억서 샘솟는 위로
경제,수수료/요금,설 용돈도 '송금'하는 시대…○○쓰면 수수료 4만원 아낀다고?
기타,기타,"엄정화, """"혈액순환 잘 된다""""...아침에 올리브유 '이렇게' 먹는다고?"
농업/먹거리,농산물/작황,제주에서 신품종 콩나물 탄생…빨리 자라고 수확작업 수월
건강,영양/의학,차 마시면 혈당에 도움… 녹차 말고 뭐가 좋을까?
여행/외식,호텔/외식,호두과자 눌렀다…휴게소 마다 '주문 쇄도'
산업,기업/산업동향,호두과자 아니었어?…명절 휴게소 최대 매출 메뉴 '이것'
여행/외식,호텔/외식,호두과자 제치고 1위 등극…명절 휴게소서 22억원어치 팔린 '이것'
생활,식품/음료,홍차만 나오는 줄 알았는데… 재발견한 인도양의 숨은 보물섬
농업/먹거리,농산물/작황,"""""선물 다 곯겠네"""" 사과·배 갈아 벌컥벌컥…병만 더 깊어진다"
농업/먹거리,농산물/작황,"""""아까운데 왜 남겨"""" 사과·배 갈아 벌컥벌컥…오히려 건강에 독?"
농업/먹거리,농산물/작황,"""아이 둘 낳고 유지 중""… 소율, 납작배 비결은 '두 가지 채소' 먹기?"
경제,유통/프로모션,"농식품부 """"우리 농산물 구매하고 온누리상품권 받아가세요"""" - 뉴스핌"
사회,사건/사고,불법 중국산 고춧가루 제조업자 징역 4년·80억원 추징
농업/먹거리,농산물/작황,"사과-배, 기름진 식사 후 꼭 먹었더니...몸에 어떤 변화가?"
기타,기타,생방송 오늘저녁' 횡성 곤드레더덕김밥·나주 국밥집 등 맛집 공개 - CBC뉴스 | CBCNEWS
산업,기업/산업동향,"서산시, 서산 쌀과 생강으로 만든 '서산해쌀샌드' 출시! < 사회 < 뉴스 < 기사본문 - 서산태안신문"
농업/먹거리,농산물/작황,설날 명절' 백종원표 도라지무침·도라지나물볶음 만드는 법 < 종합 < 사회 < 기사본문 - 국제뉴스
경제,물가/가격,설 물가 또 올랐다… 채소·과일·수산물 작년보다 비싸
경제,물가/가격,"설 성수품 물가, 배추·참조기 비싸고 사과·한우 지난해 수준"
경제,물가/가격,"설 성수품 물가…""배추·참조기 비싸고 사과·한우 지난해 수준"""
경제,물가/가격,"설 성수품 물가는…""""배추·무·고등어 올라…사과는 작년 수준"""""
농업/먹거리,농산물/작황,"아침에 먹는 양배추, 사과의 조합.. 어떤 변화가? - 코메디닷컴"
경제,물가/가격,"역대급 지원속에 역대급 채소·과일값…무 95%↑, 배 45%↑ 껑충"
농업/먹거리,농산물/작황,"올 설에는 배 대신 샤인머스캣, 등심 대신 갈비...왜?"
농업/먹거리,농산물/작황,의령군 임산부 친환경농산물 꾸러미 신청 - 경남도민신문
농업/먹거리,농산물/작황,전남서 생산한 아열대 과일 설 명절 선물로 '인기'
농업/먹거리,농산물/작황,"채소 색깔별로 적합한 조리법 달라… 흰색은 고기와 익혀서, 초록색은?"
농업/먹거리,농산물/작황,"충남농기원, 딸기 신품종 '조이베리' 품종보호권 획득"
농업/먹거리,농산물/작황,"""""심장병 막고 쾌변까지""""…매일 '이 과일' 한 줌, 놀라운 일 생겼다"
농업/먹거리,농산물/작황,"""""죽다 살았다"""" 이승연 괴롭힌 노로바이러스…굴보다 위험한 '채소'"
농업/먹거리,농산물/작황,"""""한 달 전부터 주문해야 가능""""…베트남서 난리 난 과일"
농업/먹거리,농산물/작황,"""""한때 뚱바나나 라이벌이었는데""""…'93년생 미노스' 돌아온 까닭"
건강,영양/의학,[동영상] 바삭한 에어프라이어 애호박 튀김 #건강간식 #아몬드가루 < Sabrina's Healthy kitchen < 동영상 < 기사본문 - 싱글리스트
경제,수수료/요금,"""남는게 없어요""...가맹점 수수료 인하 3주만에 '혜자카드' 79개 단종"
여행/외식,호텔/외식,22억? 명절 휴게소서 호두과자보다 많이 팔린 '이것'
농업/먹거리,농산물/작황,대파 총선' 대승의 달콤한 추억…'국회요원' 패러디 봇물
건강,영양/의학,독감에 미세먼지까지 유행으로 면역력에 좋은'홍삼'인기
생활,식품/음료,"명절, 휴게소에서 가장 많이 팔린 음식은?···2위는 호두과자·3위는 캔커피"
산업,기업/산업동향,명절 휴게소 음식 매출 2위는 호두과자…1위는?
여행/외식,호텔/외식,명절 휴게소 인기 메뉴 1위는?…호두과자도 '이것'에 밀렸다
경제,수수료/요금,"박지원 """"농어촌공사와 협의, 농지임대 수수료 절반 인하"""""
농업/먹거리,농산물/작황,밤-대추 자주 먹었더니...몸에 어떤 변화가?
농업/먹거리,농산물/작황,배스킨라빈스 '아이스 초코 도쿄바나나' 선봬…2월 이달의 맛
농업/먹거리,농산물/작황,"보리차만 먹다 죽은 2살, 마지막 지킨 사람들"
농업/먹거리,농산물/작황,샤인머스캣은 그게 그거? 당도·무게·모양 1++급 따로 있다 | 중앙일보
사회,사건/사고,설 명절 앞두고 불법 수입된 중국산 대추·땅콩 적발
산업,기업/산업동향,설 연휴 고속도로 휴게소 매출 '급증'… 소비 1위 '아메리카노' 호두과자 제쳐 < 유통 < 경제 < 기사본문 - 천지일보
여행/외식,호텔/외식,설연휴 휴게소 최애 메뉴 2위는 호두과자…1위는 '이것'
농업/먹거리,농산물/작황,"설 차례상 단골인 사과·배, 2070년엔 아예 못 올릴 수도"
농업/먹거리,농산물/작황,아삭아삭한 '당근라페' 만들기…초간단 레시피 싹 공개합니다 | 위키트리
기타,기타,아침에 귀리밥-오트밀 자주 먹었더니...몸에 어떤 변화가?
농업/먹거리,농산물/작황,"이승연 """"죽다 살았다"""" 노로바이러스에 기겁…굴보다 이 채소가 더 위험"
국제,해외동향,지나가던 비행기서 '수박 크기 얼음'이 뚝…박살 난 미국 LA 주택
농업/먹거리,농산물/작황,콩나물냉채 : 네이버 검색
농업/먹거리,농산물/작황,"""""나는 대식가"""" 김혜수, 드레스 입으려 사과 두 알 먹었다고…"
건강,영양/의학,＂달걀 한두 개에 녹차 한잔＂...건강하게 뱃살 빼는 데 좋은 식품은?
경제,물가/가격,[2025 설특집] 농산물 수급·가격 전망 < Issue+ < 이슈 플러스 < 기사본문 - 농수축산신문
경제,물가/가격,"""소고기·홍삼보다 과일혼합세트""…물가가 바꾼 설선물 선호도 [푸드360]"
농업/먹거리,농산물/작황,"다이어트 중일 때… 바나나, 노란색 vs 초록색 더 나은 선택은?"
경제,유통/리테일,롯데리아가 토마토 뺀 버거메뉴를 판매하는 이유?
농업/먹거리,농산물/작황,"사과 대신 망고, 명태 대신 참치…조상님 입맛에 맞으시려나요"
경제,수수료/요금,"송옥주, '결혼중개업체 회비·수수료 사전 공개법' 발의"
농업/먹거리,농산물/작황,"전남도, 임산부 지원 친환경농산물 꾸러미 영유아로 확대"
농업/먹거리,농산물/작황,"차례상에 오른 열대과일, 전통문화 어긋? 마음이 더 중요! :: 경남신문"
농업/먹거리,농산물/작황,초코우유 vs 콩나물국… 해장에 더 도움되는 음식은?
농업/먹거리,농산물/작황,한팩에 2만원하는 딸기 대신에… '과일릭'에 숨은 씁쓸한 역설
농업/먹거리,농산물/작황,"[백투더투데이] """"아빠, 바나나 우유 하나만"""" 1970~90년대 목욕탕"
건강,영양/의학,"'4월 출산' 손담비, 혈당 걱정에 백미 대신 '이것' 먹는다… 뭘까?"
농업/먹거리,농산물/작황,'후지' 사과 꽃눈분화율 '뚝'…가지칠 때 열매가지 많이 남겨야
건강,영양/의학,56세 신애라 동안 비결? 건강한 버섯 떡국에 신기루 감탄 (애라원)[어제TV]
농업/먹거리,농산물/작황,떡국 대신 우유·찹쌀떡…설 밥상 차리는 '서울 속 실크로드'[르포]
농업/먹거리,농산물/작황,오리온이 '생(生)감자칩' 원료로 특허 낸 '이 감자'
농업/먹거리,농산물/작황,요구르트에 딸기 넣어 먹었더니...염증에 어떤 변화가?
농업/먹거리,농산물/작황,편스토랑' 김재중 LA갈비찜·장민호 마늘소스 비빔면 레시피 < 종합 < 연예 < 기사본문 - 국제뉴스
경제,물가/가격,평년보다 따뜻한 겨울···'금사과·금배' 우려 키우나
생활,레시피/요리,홍삼 등 건기식 중고 거래 규정 위반 여전… 식약처 시범 사업 연장될까 - 조선비즈
농업/먹거리,농산물/작황,"""""여보, 사과 갈아먹을까""""…연휴 끝, 쌓인 피로 풀어줄 음식들"
농업/먹거리,농산물/작황,[디지털 라이프]씻고 깎을 필요없는 채소·과일 주스 … '휴롬 주스키트'
경제,유통/리테일,[르포]불고기용 한우에 양파?대파?양념까지…편의점에서 다 살 수 있습니다
농업/먹거리,농산물/작황,'생생정보' 군산 해물탕짬뽕·고구마짜장면 맛집 위치는? 43년 전통 중식당 - 장필구 기자 - 톱스타뉴스
경제,물가/가격,"'생생정보' 김포 '16가지 중화요리 무한리필' 맛집 ""가격 파괴 중식뷔페""…의정부 호원동 육개장만두전골 식당 위치는?? - 장필구 기자 - 톱스타뉴스"
농업/먹거리,농산물/작황,"""과채소 '쓴맛' 즐기면...비만·당뇨 위험 낮아진다"""" 왜? - 코메디닷컴"
농업/먹거리,농산물/작황,"""대기업도 자영업도 그만뒀다""…'딸기농부'로 새길 찾는다"
기타,기타,"""어쩐지 오이·계란 고명 사라졌더라""…10년새 가장 많이 오른 외식메뉴는?"
농업/먹거리,농산물/작황,"""요즘 케이크 사러 빵집 대신 여기 간다더니""…생딸기 올린 이것, 판매량이 무려"
농업/먹거리,농산물/작황,2TV 생생정보' 오늘 맛집은? 16가지 중화요리 무한 리필·만두전골
건강,영양/의학,녹차추출물 등 9종 건강기능식품 재평가 실시
경제,수수료/요금,"샐러드가게 월 매출 1600만원인데 적자, 원인은 배달앱 수수료(사장은 아무나 하나)"
기타,기타,"신기루, 체지방량만 65.5kg 육박…잡곡밥 보고 """"비둘기가 좋아할듯""""('애라원')"
경제,물가/가격,작년 물가급등 '상위 10개 품목' 중 9개가 과일·채소 등 먹거리…이상기후 탓
경제,물가/가격,작년 물가급등 '톱10' 중 9개가 과일·채소…폭염·폭우 이상기후 여파
경제,물가/가격,작년 물가 급등 '톱10' 중 9개가 과일 등 먹거리…이상기후 탓
농업/먹거리,농산물/작황,"파스타 토마토 소스, 당·나트륨 많아… 집에서 만들기 어려울까?"
농업/먹거리,농산물/작황,프라이팬으로 만드는 딸기 수플레 케이크
농업/먹거리,농산물/작황,한팩에 2만원하는 딸기 대신에… '과일릭'에 숨은 씁쓸한 역설 < Today's Pick < In-Depth < 기사본문 - 더스쿠프
기타,기타,"혜민원의 인삼다당체 'NK UP 진산 프리미엄', 종편에서 제품 조명"
경제,물가/가격,"""""금사과 따자"""" 신한·국민카드도 애플페이 도입… 삼성페이 유료화되나"
농업/먹거리,농산물/작황,"""""냉장고 속 재료로 가볍게! 밀가루 글루텐 프리, 채소 듬뿍 잡채!"""" < 소소한 비건레시피 < 생활·건강 < 기사본문 - K스피릿"
경제,물가/가격,"""""맛김 작년 4분기에 24% 올라…고추장·간장도 비싸져"""""
농업/먹거리,농산물/작황,[김기자의 V토크] 무서운 삼산 복숭아… 흥국생명 복덩이 피치
농업/먹거리,농산물/작황,"[자막뉴스] 이상고온에 """"마이너스 농사"""".. 레드향 300그루 베어버렸다"
경제,수수료/요금,'사장은아무나하나' 무서운 배달앱 수수료 | bnt뉴스
기타,기타,'토마토 없는 버거'가 나온 까닭은… '헤징메뉴'가 뜬다
농업/먹거리,농산물/작황,"'63세' 최화정, 방부제 미모 비결 공개..""아침에 무조건 먹는 7가지"" (최화정이에요)"
산업,기업/산업동향,"""국내 프차 중 최초""…신세계푸드 노브랜드 버거, '통마늘 베이컨' 출시"
농업/먹거리,농산물/작황,과일 포장재·기름 먹은 종이는 '일반쓰레기'
농업/먹거리,농산물/작황,네일숍서 '무좀 관리' 받고 체리 건넨 80대 '노신사' 감동 사연의 반전
정치,농정/정책,"당원병 필수식이 '옥수수 전분', 새해부터 정부 지원 받는다 < Rare Disease < News < 기사본문 - 코리아헬스로그"
경제,물가/가격,맛김·고추장·간장까지 식탁물가 줄줄이 인상… 가장 많이 오른 생필품은?
농업/먹거리,농산물/작황,"사과, 귤 후식으로 먹었더니...몸에 어떤 변화가?"
농업/먹거리,농산물/작황,성주 참외 불합리한 관행 개선…농가소득·유통효율성 높인다
산업,기업/산업동향,"오리온, '눈을감자 칠리치즈 프라이즈맛' 출시"
농업/먹거리,농산물/작황,"제라진팜, 서귀포시서부종합사회복지관에 브로콜리 농산물 후원 < 사회 < 기사본문 - 서귀포신문"
기타,기타,한예리 '미나리' 子 앨런 킴 재회 (한국인의 식판) - 스포츠경향
기타,기타,"화천 산천어축제 또 신기록..수십가지 비결, 2.2 대미[함영훈의 멋·맛·쉼] - 헤럴드경제"
